wort	schreibweise	rang	grund
WORDEN	worden	135	keine gute Kurzfrage / Fremdwort / Eigenname / heikles Wort
GEWESEN	gewesen	470	keine gute Kurzfrage / Fremdwort / Eigenname / heikles Wort
LAUFE	Laufe	886	keine gute Kurzfrage / Fremdwort / Eigenname / heikles Wort
KLICKEN	Klicken	1109	keine gute Kurzfrage / Fremdwort / Eigenname / heikles Wort
JUDEN	Juden	1414	keine gute Kurzfrage / Fremdwort / Eigenname / heikles Wort
ZUGE	Zuge	1549	keine gute Kurzfrage / Fremdwort / Eigenname / heikles Wort
KURSZIEL	Kursziel	1670	keine gute Kurzfrage / Fremdwort / Eigenname / heikles Wort
DOWNLOAD	Download	1981	keine gute Kurzfrage / Fremdwort / Eigenname / heikles Wort
SPIELTAG	Spieltag	2032	keine gute Kurzfrage / Fremdwort / Eigenname / heikles Wort
BROWSER	Browser	2034	keine gute Kurzfrage / Fremdwort / Eigenname / heikles Wort
NATIONAL	National	2308	keine gute Kurzfrage / Fremdwort / Eigenname / heikles Wort
WORLD	World	2502	keine gute Kurzfrage / Fremdwort / Eigenname / heikles Wort
FRAMES	Frames	2711	keine gute Kurzfrage / Fremdwort / Eigenname / heikles Wort
RUSSEN	Russen	2717	keine gute Kurzfrage / Fremdwort / Eigenname / heikles Wort
GRAND	Grand	2864	keine gute Kurzfrage / Fremdwort / Eigenname / heikles Wort
OELPREIS	Ölpreis	2880	keine gute Kurzfrage / Fremdwort / Eigenname / heikles Wort
BUNDES	Bundes	2927	keine gute Kurzfrage / Fremdwort / Eigenname / heikles Wort
STUENDEN	stünden	2964	keine gute Kurzfrage / Fremdwort / Eigenname / heikles Wort
BAUZEIT	Bauzeit	3142	keine gute Kurzfrage / Fremdwort / Eigenname / heikles Wort
VORMONAT	Vormonat	3206	keine gute Kurzfrage / Fremdwort / Eigenname / heikles Wort
TELEKOM	Telekom	3215	keine gute Kurzfrage / Fremdwort / Eigenname / heikles Wort
FERRARI	Ferrari	3252	keine gute Kurzfrage / Fremdwort / Eigenname / heikles Wort
NORTH	North	3262	keine gute Kurzfrage / Fremdwort / Eigenname / heikles Wort
UNITED	United	3382	keine gute Kurzfrage / Fremdwort / Eigenname / heikles Wort
AMERICAN	American	3506	keine gute Kurzfrage / Fremdwort / Eigenname / heikles Wort
ROYAL	Royal	3543	keine gute Kurzfrage / Fremdwort / Eigenname / heikles Wort
ORTSNAME	Ortsname	3596	keine gute Kurzfrage / Fremdwort / Eigenname / heikles Wort
NAZIS	Nazis	3665	keine gute Kurzfrage / Fremdwort / Eigenname / heikles Wort
OSTSEITE	Ostseite	3699	keine gute Kurzfrage / Fremdwort / Eigenname / heikles Wort
ZUERCHER	Zürcher	3703	keine gute Kurzfrage / Fremdwort / Eigenname / heikles Wort
REAL	Real	3753	keine gute Kurzfrage / Fremdwort / Eigenname / heikles Wort
TIPS	Tips	3951	keine gute Kurzfrage / Fremdwort / Eigenname / heikles Wort
HAMAS	Hamas	4003	keine gute Kurzfrage / Fremdwort / Eigenname / heikles Wort
NOTARZT	Notarzt	4097	keine gute Kurzfrage / Fremdwort / Eigenname / heikles Wort
INNERN	Innern	4203	keine gute Kurzfrage / Fremdwort / Eigenname / heikles Wort
RENAULT	Renault	4291	keine gute Kurzfrage / Fremdwort / Eigenname / heikles Wort
CORPS	Corps	4391	keine gute Kurzfrage / Fremdwort / Eigenname / heikles Wort
HUBRAUM	Hubraum	4457	keine gute Kurzfrage / Fremdwort / Eigenname / heikles Wort
WEITERS	Weiters	4522	keine gute Kurzfrage / Fremdwort / Eigenname / heikles Wort
WIEVIEL	Wieviel	4523	keine gute Kurzfrage / Fremdwort / Eigenname / heikles Wort
POSTBANK	Postbank	4797	keine gute Kurzfrage / Fremdwort / Eigenname / heikles Wort
WELCH	Welch	4810	keine gute Kurzfrage / Fremdwort / Eigenname / heikles Wort
CENTRAL	Central	4956	keine gute Kurzfrage / Fremdwort / Eigenname / heikles Wort
BRITISH	British	4985	keine gute Kurzfrage / Fremdwort / Eigenname / heikles Wort
GIBTS	gibts	5030	keine gute Kurzfrage / Fremdwort / Eigenname / heikles Wort
HONGKONG	Hongkong	5032	keine gute Kurzfrage / Fremdwort / Eigenname / heikles Wort
BOEING	Boeing	5062	keine gute Kurzfrage / Fremdwort / Eigenname / heikles Wort
GEHTS	gehts	5108	keine gute Kurzfrage / Fremdwort / Eigenname / heikles Wort
RADSTAND	Radstand	5166	keine gute Kurzfrage / Fremdwort / Eigenname / heikles Wort
SHANGHAI	Shanghai	5173	keine gute Kurzfrage / Fremdwort / Eigenname / heikles Wort
WELTCUP	Weltcup	5183	keine gute Kurzfrage / Fremdwort / Eigenname / heikles Wort
BRUTZEIT	Brutzeit	5190	keine gute Kurzfrage / Fremdwort / Eigenname / heikles Wort
LITERN	Litern	5204	keine gute Kurzfrage / Fremdwort / Eigenname / heikles Wort
PENCE	Pence	5254	keine gute Kurzfrage / Fremdwort / Eigenname / heikles Wort
RADWEG	Radweg	5257	keine gute Kurzfrage / Fremdwort / Eigenname / heikles Wort
HINRUNDE	Hinrunde	5373	keine gute Kurzfrage / Fremdwort / Eigenname / heikles Wort
PUBLIC	Public	5382	keine gute Kurzfrage / Fremdwort / Eigenname / heikles Wort
SOWAS	Sowas	5388	keine gute Kurzfrage / Fremdwort / Eigenname / heikles Wort
BAUPHASE	Bauphase	5398	keine gute Kurzfrage / Fremdwort / Eigenname / heikles Wort
HIGHWAY	Highway	5508	keine gute Kurzfrage / Fremdwort / Eigenname / heikles Wort
PLAYOFFS	Playoffs	5516	keine gute Kurzfrage / Fremdwort / Eigenname / heikles Wort
TIP	Tip	5529	keine gute Kurzfrage / Fremdwort / Eigenname / heikles Wort
BOCHUMER	Bochumer	5537	keine gute Kurzfrage / Fremdwort / Eigenname / heikles Wort
TODESTAG	Todestag	5563	keine gute Kurzfrage / Fremdwort / Eigenname / heikles Wort
ISRAELIS	Israelis	5591	keine gute Kurzfrage / Fremdwort / Eigenname / heikles Wort
CENTRE	Centre	5721	keine gute Kurzfrage / Fremdwort / Eigenname / heikles Wort
HAPPY	Happy	5731	keine gute Kurzfrage / Fremdwort / Eigenname / heikles Wort
ALKOTEST	Alkotest	5827	keine gute Kurzfrage / Fremdwort / Eigenname / heikles Wort
MOSKAUER	Moskauer	5859	keine gute Kurzfrage / Fremdwort / Eigenname / heikles Wort
CHORES	Chores	5897	keine gute Kurzfrage / Fremdwort / Eigenname / heikles Wort
SAARLAND	Saarland	5925	keine gute Kurzfrage / Fremdwort / Eigenname / heikles Wort
TALIBAN	Taliban	5931	keine gute Kurzfrage / Fremdwort / Eigenname / heikles Wort
WACKER	Wacker	5934	keine gute Kurzfrage / Fremdwort / Eigenname / heikles Wort
ZINSSATZ	Zinssatz	5940	keine gute Kurzfrage / Fremdwort / Eigenname / heikles Wort
CLIENT	Client	5949	keine gute Kurzfrage / Fremdwort / Eigenname / heikles Wort
SUIZID	Suizid	6000	keine gute Kurzfrage / Fremdwort / Eigenname / heikles Wort
COLUMBIA	Columbia	6016	keine gute Kurzfrage / Fremdwort / Eigenname / heikles Wort
EUROPEAN	European	6021	keine gute Kurzfrage / Fremdwort / Eigenname / heikles Wort
GOLDEN	Golden	6028	keine gute Kurzfrage / Fremdwort / Eigenname / heikles Wort
KICKERS	Kickers	6089	keine gute Kurzfrage / Fremdwort / Eigenname / heikles Wort
GRANDE	Grande	6146	keine gute Kurzfrage / Fremdwort / Eigenname / heikles Wort
EMBEDDEN	Embedden	6192	keine gute Kurzfrage / Fremdwort / Eigenname / heikles Wort
ESSENER	Essener	6195	keine gute Kurzfrage / Fremdwort / Eigenname / heikles Wort
TIERHEIM	Tierheim	6233	keine gute Kurzfrage / Fremdwort / Eigenname / heikles Wort
CHIEF	Chief	6256	keine gute Kurzfrage / Fremdwort / Eigenname / heikles Wort
GREAT	Great	6271	keine gute Kurzfrage / Fremdwort / Eigenname / heikles Wort
KURZFILM	Kurzfilm	6286	keine gute Kurzfrage / Fremdwort / Eigenname / heikles Wort
ROHBAU	Rohbau	6309	keine gute Kurzfrage / Fremdwort / Eigenname / heikles Wort
DREIER	dreier	6342	keine gute Kurzfrage / Fremdwort / Eigenname / heikles Wort
MOUNT	Mount	6366	keine gute Kurzfrage / Fremdwort / Eigenname / heikles Wort
NEUWAHL	Neuwahl	6368	keine gute Kurzfrage / Fremdwort / Eigenname / heikles Wort
EHRENAMT	Ehrenamt	6416	keine gute Kurzfrage / Fremdwort / Eigenname / heikles Wort
FESTZELT	Festzelt	6423	keine gute Kurzfrage / Fremdwort / Eigenname / heikles Wort
ORTSLAGE	Ortslage	6510	keine gute Kurzfrage / Fremdwort / Eigenname / heikles Wort
REBOUNDS	Rebounds	6513	keine gute Kurzfrage / Fremdwort / Eigenname / heikles Wort
SCHWULE	Schwule	6518	keine gute Kurzfrage / Fremdwort / Eigenname / heikles Wort
LEITZINS	Leitzins	6577	keine gute Kurzfrage / Fremdwort / Eigenname / heikles Wort
PENIS	Penis	6588	keine gute Kurzfrage / Fremdwort / Eigenname / heikles Wort
RADSPORT	Radsport	6594	keine gute Kurzfrage / Fremdwort / Eigenname / heikles Wort
EUROZONE	Eurozone	6644	keine gute Kurzfrage / Fremdwort / Eigenname / heikles Wort
FRAME	Frame	6648	keine gute Kurzfrage / Fremdwort / Eigenname / heikles Wort
GERMAN	German	6653	keine gute Kurzfrage / Fremdwort / Eigenname / heikles Wort
GIRLS	Girls	6654	keine gute Kurzfrage / Fremdwort / Eigenname / heikles Wort
JUDE	Jude	6659	keine gute Kurzfrage / Fremdwort / Eigenname / heikles Wort
EIABLAGE	Eiablage	6712	keine gute Kurzfrage / Fremdwort / Eigenname / heikles Wort
FOCUS	Focus	6806	keine gute Kurzfrage / Fremdwort / Eigenname / heikles Wort
HUFEN	Hufen	6813	keine gute Kurzfrage / Fremdwort / Eigenname / heikles Wort
LIONS	Lions	6823	keine gute Kurzfrage / Fremdwort / Eigenname / heikles Wort
MEGAWATT	Megawatt	6994	keine gute Kurzfrage / Fremdwort / Eigenname / heikles Wort
TATZEIT	Tatzeit	7021	keine gute Kurzfrage / Fremdwort / Eigenname / heikles Wort
BUSLINIE	Buslinie	7043	keine gute Kurzfrage / Fremdwort / Eigenname / heikles Wort
MEDIALE	mediale	7082	keine gute Kurzfrage / Fremdwort / Eigenname / heikles Wort
NEONAZIS	Neonazis	7087	keine gute Kurzfrage / Fremdwort / Eigenname / heikles Wort
NORDWAND	Nordwand	7088	keine gute Kurzfrage / Fremdwort / Eigenname / heikles Wort
PEUGEOT	Peugeot	7089	keine gute Kurzfrage / Fremdwort / Eigenname / heikles Wort
PLACE	Place	7091	keine gute Kurzfrage / Fremdwort / Eigenname / heikles Wort
TOPIX	Topix	7119	keine gute Kurzfrage / Fremdwort / Eigenname / heikles Wort
ERROR	error	7154	keine gute Kurzfrage / Fremdwort / Eigenname / heikles Wort
GABS	gabs	7161	keine gute Kurzfrage / Fremdwort / Eigenname / heikles Wort
MBYTE	MByte	7185	keine gute Kurzfrage / Fremdwort / Eigenname / heikles Wort
SWISS	Swiss	7207	keine gute Kurzfrage / Fremdwort / Eigenname / heikles Wort
TATWAFFE	Tatwaffe	7209	keine gute Kurzfrage / Fremdwort / Eigenname / heikles Wort
BROWSERS	Browsers	7242	keine gute Kurzfrage / Fremdwort / Eigenname / heikles Wort
GESTAPO	Gestapo	7257	keine gute Kurzfrage / Fremdwort / Eigenname / heikles Wort
SCHALKER	Schalker	7295	keine gute Kurzfrage / Fremdwort / Eigenname / heikles Wort
AMOKLAUF	Amoklauf	7327	keine gute Kurzfrage / Fremdwort / Eigenname / heikles Wort
BAUHOF	Bauhof	7332	keine gute Kurzfrage / Fremdwort / Eigenname / heikles Wort
OBERLAUF	Oberlauf	7390	keine gute Kurzfrage / Fremdwort / Eigenname / heikles Wort
SCHEISSE	Scheiße	7402	keine gute Kurzfrage / Fremdwort / Eigenname / heikles Wort
WALDRAND	Waldrand	7419	keine gute Kurzfrage / Fremdwort / Eigenname / heikles Wort
WILLOW	Willow	7420	keine gute Kurzfrage / Fremdwort / Eigenname / heikles Wort
FIND	find	7449	keine gute Kurzfrage / Fremdwort / Eigenname / heikles Wort
GEGENTOR	Gegentor	7455	keine gute Kurzfrage / Fremdwort / Eigenname / heikles Wort
HAUSEN	Hausen	7466	keine gute Kurzfrage / Fremdwort / Eigenname / heikles Wort
PRAKTIKA	Praktika	7494	keine gute Kurzfrage / Fremdwort / Eigenname / heikles Wort
TOWNSHIP	Township	7520	keine gute Kurzfrage / Fremdwort / Eigenname / heikles Wort
WELTBANK	Weltbank	7527	keine gute Kurzfrage / Fremdwort / Eigenname / heikles Wort
ANDRE	Andre	7533	keine gute Kurzfrage / Fremdwort / Eigenname / heikles Wort
DACHAU	Dachau	7546	keine gute Kurzfrage / Fremdwort / Eigenname / heikles Wort
DANKEND	dankend	7547	keine gute Kurzfrage / Fremdwort / Eigenname / heikles Wort
DRUECKE	Drücke	7552	keine gute Kurzfrage / Fremdwort / Eigenname / heikles Wort
FIELD	Field	7560	keine gute Kurzfrage / Fremdwort / Eigenname / heikles Wort
FINAL	Final	7562	keine gute Kurzfrage / Fremdwort / Eigenname / heikles Wort
MAGNA	Magna	7592	keine gute Kurzfrage / Fremdwort / Eigenname / heikles Wort
NINTENDO	Nintendo	7598	keine gute Kurzfrage / Fremdwort / Eigenname / heikles Wort
SUEDWAND	Südwand	7618	keine gute Kurzfrage / Fremdwort / Eigenname / heikles Wort
SUHRKAMP	Suhrkamp	7619	keine gute Kurzfrage / Fremdwort / Eigenname / heikles Wort
WESTTURM	Westturm	7641	keine gute Kurzfrage / Fremdwort / Eigenname / heikles Wort
CLIENTS	Clients	7663	keine gute Kurzfrage / Fremdwort / Eigenname / heikles Wort
OSTTEIL	Ostteil	7699	keine gute Kurzfrage / Fremdwort / Eigenname / heikles Wort
POTOK	potok	7705	keine gute Kurzfrage / Fremdwort / Eigenname / heikles Wort
PUERTO	Puerto	7706	keine gute Kurzfrage / Fremdwort / Eigenname / heikles Wort
SMART	Smart	7723	keine gute Kurzfrage / Fremdwort / Eigenname / heikles Wort
BROOKLYN	Brooklyn	7755	keine gute Kurzfrage / Fremdwort / Eigenname / heikles Wort
ECHTZEIT	Echtzeit	7765	keine gute Kurzfrage / Fremdwort / Eigenname / heikles Wort
GAZA	Gaza	7772	keine gute Kurzfrage / Fremdwort / Eigenname / heikles Wort
LAKERS	Lakers	7797	keine gute Kurzfrage / Fremdwort / Eigenname / heikles Wort
MODEM	Modem	7807	keine gute Kurzfrage / Fremdwort / Eigenname / heikles Wort
NIKKEI	Nikkei	7817	keine gute Kurzfrage / Fremdwort / Eigenname / heikles Wort
RADWEGE	Radwege	7825	keine gute Kurzfrage / Fremdwort / Eigenname / heikles Wort
VILLAGE	Village	7846	keine gute Kurzfrage / Fremdwort / Eigenname / heikles Wort
YARDS	Yards	7853	keine gute Kurzfrage / Fremdwort / Eigenname / heikles Wort
ARMINIA	Arminia	7861	keine gute Kurzfrage / Fremdwort / Eigenname / heikles Wort
HAUSTIER	Haustier	7905	keine gute Kurzfrage / Fremdwort / Eigenname / heikles Wort
HEAVY	Heavy	7906	keine gute Kurzfrage / Fremdwort / Eigenname / heikles Wort
NEUMARKT	Neumarkt	7940	keine gute Kurzfrage / Fremdwort / Eigenname / heikles Wort
NORDWEST	Nordwest	7941	keine gute Kurzfrage / Fremdwort / Eigenname / heikles Wort
PFARRAMT	Pfarramt	7949	keine gute Kurzfrage / Fremdwort / Eigenname / heikles Wort
STARTELF	Startelf	7965	keine gute Kurzfrage / Fremdwort / Eigenname / heikles Wort
WAER	wär	7974	keine gute Kurzfrage / Fremdwort / Eigenname / heikles Wort
HAUSFRAU	Hausfrau	8032	keine gute Kurzfrage / Fremdwort / Eigenname / heikles Wort
HUENDIN	Hündin	8037	keine gute Kurzfrage / Fremdwort / Eigenname / heikles Wort
OBAMAS	Obamas	8064	keine gute Kurzfrage / Fremdwort / Eigenname / heikles Wort
PORTLAND	Portland	8070	keine gute Kurzfrage / Fremdwort / Eigenname / heikles Wort
SITES	Sites	8087	keine gute Kurzfrage / Fremdwort / Eigenname / heikles Wort
UNESCO	UNESCO	8101	keine gute Kurzfrage / Fremdwort / Eigenname / heikles Wort
VORBURG	Vorburg	8106	keine gute Kurzfrage / Fremdwort / Eigenname / heikles Wort
ALTBAU	Altbau	8118	keine gute Kurzfrage / Fremdwort / Eigenname / heikles Wort
ARSCH	Arsch	8122	keine gute Kurzfrage / Fremdwort / Eigenname / heikles Wort
BEATLES	Beatles	8127	keine gute Kurzfrage / Fremdwort / Eigenname / heikles Wort
BROADWAY	Broadway	8134	keine gute Kurzfrage / Fremdwort / Eigenname / heikles Wort
FIREWALL	Firewall	8152	keine gute Kurzfrage / Fremdwort / Eigenname / heikles Wort
GAZPROM	Gazprom	8156	keine gute Kurzfrage / Fremdwort / Eigenname / heikles Wort
IRGEND	irgend	8173	keine gute Kurzfrage / Fremdwort / Eigenname / heikles Wort
KOT	Kot	8179	keine gute Kurzfrage / Fremdwort / Eigenname / heikles Wort
TERRA	Terra	8217	keine gute Kurzfrage / Fremdwort / Eigenname / heikles Wort
AFGHANEN	Afghanen	8242	keine gute Kurzfrage / Fremdwort / Eigenname / heikles Wort
DELLE	delle	8258	keine gute Kurzfrage / Fremdwort / Eigenname / heikles Wort
DIAKONIE	Diakonie	8260	keine gute Kurzfrage / Fremdwort / Eigenname / heikles Wort
GBYTE	GByte	8281	keine gute Kurzfrage / Fremdwort / Eigenname / heikles Wort
HOMPAGE	Hompage	8293	keine gute Kurzfrage / Fremdwort / Eigenname / heikles Wort
ISERLOHN	Iserlohn	8296	keine gute Kurzfrage / Fremdwort / Eigenname / heikles Wort
JUSOS	Jusos	8297	keine gute Kurzfrage / Fremdwort / Eigenname / heikles Wort
MEXICO	Mexico	8312	keine gute Kurzfrage / Fremdwort / Eigenname / heikles Wort
MIXED	Mixed	8314	keine gute Kurzfrage / Fremdwort / Eigenname / heikles Wort
RAJON	Rajon	8331	keine gute Kurzfrage / Fremdwort / Eigenname / heikles Wort
ROVER	Rover	8333	keine gute Kurzfrage / Fremdwort / Eigenname / heikles Wort
SEEHOEHE	Seehöhe	8342	keine gute Kurzfrage / Fremdwort / Eigenname / heikles Wort
SWISSCOM	Swisscom	8358	keine gute Kurzfrage / Fremdwort / Eigenname / heikles Wort
ZIEGELEI	Ziegelei	8378	keine gute Kurzfrage / Fremdwort / Eigenname / heikles Wort
BAUJAHR	Baujahr	8392	keine gute Kurzfrage / Fremdwort / Eigenname / heikles Wort
BAUWESEN	Bauwesen	8394	keine gute Kurzfrage / Fremdwort / Eigenname / heikles Wort
FEINUNZE	Feinunze	8417	keine gute Kurzfrage / Fremdwort / Eigenname / heikles Wort
HOMO	Homo	8441	keine gute Kurzfrage / Fremdwort / Eigenname / heikles Wort
OBSTBAU	Obstbau	8467	keine gute Kurzfrage / Fremdwort / Eigenname / heikles Wort
OSTUFER	Ostufer	8470	keine gute Kurzfrage / Fremdwort / Eigenname / heikles Wort
POPMUSIK	Popmusik	8483	keine gute Kurzfrage / Fremdwort / Eigenname / heikles Wort
SBERBANK	Sberbank	8488	keine gute Kurzfrage / Fremdwort / Eigenname / heikles Wort
SITZBANK	Sitzbank	8498	keine gute Kurzfrage / Fremdwort / Eigenname / heikles Wort
TOKYO	Tokyo	8513	keine gute Kurzfrage / Fremdwort / Eigenname / heikles Wort
WAHLSIEG	Wahlsieg	8528	keine gute Kurzfrage / Fremdwort / Eigenname / heikles Wort
WESTTEIL	Westteil	8533	keine gute Kurzfrage / Fremdwort / Eigenname / heikles Wort
WESTWAND	Westwand	8534	keine gute Kurzfrage / Fremdwort / Eigenname / heikles Wort
ADIDAS	Adidas	8543	keine gute Kurzfrage / Fremdwort / Eigenname / heikles Wort
DREIFACH	dreifach	8567	keine gute Kurzfrage / Fremdwort / Eigenname / heikles Wort
HUMAN	Human	8605	keine gute Kurzfrage / Fremdwort / Eigenname / heikles Wort
NETZTEIL	Netzteil	8642	keine gute Kurzfrage / Fremdwort / Eigenname / heikles Wort
RANGERS	Rangers	8654	keine gute Kurzfrage / Fremdwort / Eigenname / heikles Wort
SCHULTAG	Schultag	8665	keine gute Kurzfrage / Fremdwort / Eigenname / heikles Wort
SIERRA	Sierra	8669	keine gute Kurzfrage / Fremdwort / Eigenname / heikles Wort
SOUTHERN	Southern	8674	keine gute Kurzfrage / Fremdwort / Eigenname / heikles Wort
SUPREME	Supreme	8682	keine gute Kurzfrage / Fremdwort / Eigenname / heikles Wort
TORHAUS	Torhaus	8685	keine gute Kurzfrage / Fremdwort / Eigenname / heikles Wort
BAUSTOPP	Baustopp	8719	keine gute Kurzfrage / Fremdwort / Eigenname / heikles Wort
BELLA	Bella	8723	keine gute Kurzfrage / Fremdwort / Eigenname / heikles Wort
FIGHT	Fight	8756	keine gute Kurzfrage / Fremdwort / Eigenname / heikles Wort
GESTIELT	gestielt	8767	keine gute Kurzfrage / Fremdwort / Eigenname / heikles Wort
HEIMSIEG	Heimsieg	8774	keine gute Kurzfrage / Fremdwort / Eigenname / heikles Wort
INTER	Inter	8783	keine gute Kurzfrage / Fremdwort / Eigenname / heikles Wort
JENAER	Jenaer	8784	keine gute Kurzfrage / Fremdwort / Eigenname / heikles Wort
KUNDUS	Kundus	8793	keine gute Kurzfrage / Fremdwort / Eigenname / heikles Wort
MUELLERS	Müllers	8808	keine gute Kurzfrage / Fremdwort / Eigenname / heikles Wort
NEUWAGEN	Neuwagen	8814	keine gute Kurzfrage / Fremdwort / Eigenname / heikles Wort
SCRIPT	Script	8837	keine gute Kurzfrage / Fremdwort / Eigenname / heikles Wort
TEGEL	Tegel	8844	keine gute Kurzfrage / Fremdwort / Eigenname / heikles Wort
VOLVO	Volvo	8860	keine gute Kurzfrage / Fremdwort / Eigenname / heikles Wort
ZELLER	Zeller	8868	keine gute Kurzfrage / Fremdwort / Eigenname / heikles Wort
ZUGZWANG	Zugzwang	8870	keine gute Kurzfrage / Fremdwort / Eigenname / heikles Wort
CANADIAN	Canadian	8904	keine gute Kurzfrage / Fremdwort / Eigenname / heikles Wort
DAILY	Daily	8907	keine gute Kurzfrage / Fremdwort / Eigenname / heikles Wort
FLYING	Flying	8924	keine gute Kurzfrage / Fremdwort / Eigenname / heikles Wort
OKRES	Okres	8973	keine gute Kurzfrage / Fremdwort / Eigenname / heikles Wort
POPSTAR	Popstar	8977	keine gute Kurzfrage / Fremdwort / Eigenname / heikles Wort
RUHETAG	Ruhetag	8989	keine gute Kurzfrage / Fremdwort / Eigenname / heikles Wort
SALEM	Salem	8992	keine gute Kurzfrage / Fremdwort / Eigenname / heikles Wort
BAUFIRMA	Baufirma	9046	keine gute Kurzfrage / Fremdwort / Eigenname / heikles Wort
BAULAND	Bauland	9047	keine gute Kurzfrage / Fremdwort / Eigenname / heikles Wort
BAUPLATZ	Bauplatz	9048	keine gute Kurzfrage / Fremdwort / Eigenname / heikles Wort
BIOMASSE	Biomasse	9054	keine gute Kurzfrage / Fremdwort / Eigenname / heikles Wort
HARBURG	Harburg	9091	keine gute Kurzfrage / Fremdwort / Eigenname / heikles Wort
HAUSBANK	Hausbank	9093	keine gute Kurzfrage / Fremdwort / Eigenname / heikles Wort
MEGABYTE	Megabyte	9125	keine gute Kurzfrage / Fremdwort / Eigenname / heikles Wort
NEWPORT	Newport	9130	keine gute Kurzfrage / Fremdwort / Eigenname / heikles Wort
NISSAN	Nissan	9131	keine gute Kurzfrage / Fremdwort / Eigenname / heikles Wort
OBERHOF	Oberhof	9132	keine gute Kurzfrage / Fremdwort / Eigenname / heikles Wort
OSTWAND	Ostwand	9135	keine gute Kurzfrage / Fremdwort / Eigenname / heikles Wort
PLEASE	Please	9139	keine gute Kurzfrage / Fremdwort / Eigenname / heikles Wort
PORTA	Porta	9141	keine gute Kurzfrage / Fremdwort / Eigenname / heikles Wort
RANGES	Ranges	9145	keine gute Kurzfrage / Fremdwort / Eigenname / heikles Wort
SCHWULEN	schwulen	9154	keine gute Kurzfrage / Fremdwort / Eigenname / heikles Wort
STADLER	Stadler	9161	keine gute Kurzfrage / Fremdwort / Eigenname / heikles Wort
TALKSHOW	Talkshow	9169	keine gute Kurzfrage / Fremdwort / Eigenname / heikles Wort
ALFA	Alfa	9199	keine gute Kurzfrage / Fremdwort / Eigenname / heikles Wort
BADISCHE	Badische	9207	keine gute Kurzfrage / Fremdwort / Eigenname / heikles Wort
BERKELEY	Berkeley	9211	keine gute Kurzfrage / Fremdwort / Eigenname / heikles Wort
FREEWARE	Freeware	9247	keine gute Kurzfrage / Fremdwort / Eigenname / heikles Wort
GARNICHT	garnicht	9250	keine gute Kurzfrage / Fremdwort / Eigenname / heikles Wort
KOMM	Komm	9282	keine gute Kurzfrage / Fremdwort / Eigenname / heikles Wort
LESBEN	Lesben	9289	keine gute Kurzfrage / Fremdwort / Eigenname / heikles Wort
OSTFRONT	Ostfront	9299	keine gute Kurzfrage / Fremdwort / Eigenname / heikles Wort
RUNDWEG	Rundweg	9323	keine gute Kurzfrage / Fremdwort / Eigenname / heikles Wort
TRADE	Trade	9350	keine gute Kurzfrage / Fremdwort / Eigenname / heikles Wort
UNDER	Under	9356	keine gute Kurzfrage / Fremdwort / Eigenname / heikles Wort
WAHLTAG	Wahltag	9367	keine gute Kurzfrage / Fremdwort / Eigenname / heikles Wort
WALMDACH	Walmdach	9369	keine gute Kurzfrage / Fremdwort / Eigenname / heikles Wort
AMIS	Amis	9382	keine gute Kurzfrage / Fremdwort / Eigenname / heikles Wort
BRUESTE	Brüste	9406	keine gute Kurzfrage / Fremdwort / Eigenname / heikles Wort
CAP	Cap	9410	keine gute Kurzfrage / Fremdwort / Eigenname / heikles Wort
CHEMISCH	chemisch	9411	keine gute Kurzfrage / Fremdwort / Eigenname / heikles Wort
CORPUS	Corpus	9414	keine gute Kurzfrage / Fremdwort / Eigenname / heikles Wort
DIAMOND	Diamond	9419	keine gute Kurzfrage / Fremdwort / Eigenname / heikles Wort
HAUSBAU	Hausbau	9460	keine gute Kurzfrage / Fremdwort / Eigenname / heikles Wort
HINTERN	Hintern	9466	keine gute Kurzfrage / Fremdwort / Eigenname / heikles Wort
INTRANET	Intranet	9475	keine gute Kurzfrage / Fremdwort / Eigenname / heikles Wort
KOPFTUCH	Kopftuch	9489	keine gute Kurzfrage / Fremdwort / Eigenname / heikles Wort
MARZAHN	Marzahn	9505	keine gute Kurzfrage / Fremdwort / Eigenname / heikles Wort
NAJA	Naja	9513	keine gute Kurzfrage / Fremdwort / Eigenname / heikles Wort
NORTHERN	Northern	9517	keine gute Kurzfrage / Fremdwort / Eigenname / heikles Wort
OBERHAUS	Oberhaus	9519	keine gute Kurzfrage / Fremdwort / Eigenname / heikles Wort
ORTSBILD	Ortsbild	9522	keine gute Kurzfrage / Fremdwort / Eigenname / heikles Wort
OSTTIMOR	Osttimor	9523	keine gute Kurzfrage / Fremdwort / Eigenname / heikles Wort
SAFETY	Safety	9544	keine gute Kurzfrage / Fremdwort / Eigenname / heikles Wort
SCHONMAL	schonmal	9552	keine gute Kurzfrage / Fremdwort / Eigenname / heikles Wort
SECOND	Second	9553	keine gute Kurzfrage / Fremdwort / Eigenname / heikles Wort
SUISSE	Suisse	9578	keine gute Kurzfrage / Fremdwort / Eigenname / heikles Wort
SUPERIOR	Superior	9579	keine gute Kurzfrage / Fremdwort / Eigenname / heikles Wort
WEDDING	Wedding	9603	keine gute Kurzfrage / Fremdwort / Eigenname / heikles Wort
WEINHEIM	Weinheim	9605	keine gute Kurzfrage / Fremdwort / Eigenname / heikles Wort
WIRDS	wirds	9607	keine gute Kurzfrage / Fremdwort / Eigenname / heikles Wort
AHLEN	Ahlen	9620	keine gute Kurzfrage / Fremdwort / Eigenname / heikles Wort
BORDELL	Bordell	9652	keine gute Kurzfrage / Fremdwort / Eigenname / heikles Wort
BURGHOF	Burghof	9654	keine gute Kurzfrage / Fremdwort / Eigenname / heikles Wort
CERRO	Cerro	9656	keine gute Kurzfrage / Fremdwort / Eigenname / heikles Wort
COUNTYS	Countys	9660	keine gute Kurzfrage / Fremdwort / Eigenname / heikles Wort
FOLGETAG	Folgetag	9686	keine gute Kurzfrage / Fremdwort / Eigenname / heikles Wort
FRENCH	French	9687	keine gute Kurzfrage / Fremdwort / Eigenname / heikles Wort
HEYNE	Heyne	9713	keine gute Kurzfrage / Fremdwort / Eigenname / heikles Wort
LUKOIL	Lukoil	9736	keine gute Kurzfrage / Fremdwort / Eigenname / heikles Wort
NACHWAHL	Nachwahl	9744	keine gute Kurzfrage / Fremdwort / Eigenname / heikles Wort
PRIMERA	Primera	9754	keine gute Kurzfrage / Fremdwort / Eigenname / heikles Wort
SAALBAU	Saalbau	9770	keine gute Kurzfrage / Fremdwort / Eigenname / heikles Wort
TEMPLE	Temple	9785	keine gute Kurzfrage / Fremdwort / Eigenname / heikles Wort
BAHNCARD	Bahncard	9832	keine gute Kurzfrage / Fremdwort / Eigenname / heikles Wort
BAURECHT	Baurecht	9834	keine gute Kurzfrage / Fremdwort / Eigenname / heikles Wort
BORUSSEN	Borussen	9849	keine gute Kurzfrage / Fremdwort / Eigenname / heikles Wort
CIVIL	Civil	9853	keine gute Kurzfrage / Fremdwort / Eigenname / heikles Wort
CLICK	Click	9854	keine gute Kurzfrage / Fremdwort / Eigenname / heikles Wort
DRAFT	Draft	9861	keine gute Kurzfrage / Fremdwort / Eigenname / heikles Wort
EASTERN	Eastern	9863	keine gute Kurzfrage / Fremdwort / Eigenname / heikles Wort
HALLER	Haller	9903	keine gute Kurzfrage / Fremdwort / Eigenname / heikles Wort
LADEZEIT	Ladezeit	9930	keine gute Kurzfrage / Fremdwort / Eigenname / heikles Wort
PRINCESS	Princess	9970	keine gute Kurzfrage / Fremdwort / Eigenname / heikles Wort
ROCKY	Rocky	9983	keine gute Kurzfrage / Fremdwort / Eigenname / heikles Wort
SCHULWEG	Schulweg	9992	keine gute Kurzfrage / Fremdwort / Eigenname / heikles Wort
SIEGTOR	Siegtor	9995	keine gute Kurzfrage / Fremdwort / Eigenname / heikles Wort
SIMPSONS	Simpsons	9996	keine gute Kurzfrage / Fremdwort / Eigenname / heikles Wort
