schreibweise	frage_bei_pruefung	urteil	korrektur
liegen	ruhen	korrekt	
Brünn	Brno	korrekt	
Stufe	Tritt	korrekt	
Erlösen	Einnahmen	korrekt	
zensiert	kontrolliert	korrekt	
endete	hörte auf	korrekt	
starren	glotzen	korrekt	
Etagen	Stockwerke	korrekt	
Seuche	Epidemie	korrekt	
Mahlzeit	Essen	korrekt	
festlich	feierlich	korrekt	
Rinder	Kühe	korrekt	
deutete	zeigte	korrekt	
gedeiht	wächst	korrekt	
Konsul	Diplomat	korrekt	
strengen	rigorosen	korrekt	
Beitrag	Artikel	korrekt	
Tierarzt	Veterinär	korrekt	
willst	möchtest	korrekt	
Bomben	Sprengkörper	korrekt	
gelang	glückte	korrekt	
Eure	Pronomen	korrekt	
Devise	Motto	korrekt	
Banden	Gangs	korrekt	
Krönung	Höhepunkt	korrekt	
Brand	Feuer	korrekt	
Senats	Sitzung des ...	korrekt	
Bordeaux	Rotwein	korrekt	
Einzel	Solo	korrekt	
gespült	abgewaschen	korrekt	
frühes	zeitiges	korrekt	
Fühler	Antennen	korrekt	
entzog	nahm weg	korrekt	
Tierpark	Zoo	korrekt	
Eheleute	Gatten	korrekt	
rollt	kullert	korrekt	
Punkten	nach ... siegen	korrekt	
Ehrenmal	Denkmal	korrekt	
Messer	Klinge	korrekt	
Granate	Geschoss	korrekt	
vererbt	vermacht	korrekt	
Bullen	Stiere	korrekt	
jüngste	neueste	korrekt	
Meeres	Rauschen des ...	korrekt	
verdammt	verflucht	korrekt	
Profil	Kontur	korrekt	
Stausee	Talsperre	korrekt	
Sudan	Staat am Nil	korrekt	
mutigen	tapferen	korrekt	
platzen	bersten	korrekt	
verlasse	gehe weg	korrekt	
besseres	überlegenes	korrekt	
Existenz	Dasein	korrekt	
lang	ausgedehnt	korrekt	
Hebamme	Wehmutter	korrekt	
Hilfen	Stützen	korrekt	
flossen	strömten	korrekt	
neutrale	objektive	korrekt	
rasch	schnell	korrekt	
drohen	bevorstehen	korrekt	
Nadel	Nähwerkzeug	korrekt	
Danke	Merci	korrekt	
gehören	zählen zu	korrekt	
Welt	Erde	korrekt	
Balance	Ausgleich	korrekt	
bergauf	aufwärts	korrekt	
Kassel	Stadt der documenta	korrekt	
idealer	perfekter	korrekt	
wachte	hütete	korrekt	
Norweger	Skandinavier	korrekt	
Sektors	Grenze des ...	korrekt	
beteuert	versichert	korrekt	
Aufstand	Revolte	korrekt	
Veto	Einspruch	korrekt	
Türken	Osmanen	unscharf (Osmanen = historisch)	Anatolier
gründet	stiftet	korrekt	
Häuser	Gebäude	korrekt	
geimpft	immunisiert	korrekt	
Kontrakt	Vertrag	korrekt	
Erfolgs	Rezept des ...	korrekt	
Jemen	Staat in Arabien	korrekt	
Seiten	Flanken	korrekt	
Leiche	sterbliche Hülle	korrekt	
übt	trainiert	korrekt	
Kamm	Grat	korrekt	
sogleich	sofort	korrekt	
fiktiven	erfundenen	korrekt	
nackte	unbekleidete	korrekt	
Teilhabe	Mitwirkung	korrekt	
der	Artikel	korrekt	
Vortrag	Referat	korrekt	
Koma	tiefe Ohnmacht	korrekt	
Frage	Erkundigung	korrekt	
Fälle	Kasus	korrekt	
Austritt	Ausscheiden	korrekt	
wohnte	lebte	korrekt	
Rom	Ewige Stadt	korrekt	
Newcomer	Neuling	korrekt	
Kaffee	Mokka	korrekt	
Familien	Sippen	korrekt	
Lest	studiert	korrekt	
gewählt	erkoren	korrekt	
mühsam	beschwerlich	korrekt	
Routen	Strecken	korrekt	
Anstieg	Zunahme	korrekt	
Anlage	Einrichtung	korrekt	
Fliesen	Kacheln	korrekt	
Eintritt	Einlass	korrekt	
Zielen	Zwecken	korrekt	
Spatzen	Sperlinge	korrekt	
Rakete	Geschoss	korrekt	
Kakao	Schokolade	unscharf (Kakao ≠ Schokolade)	Schokotrunk
Zählern	Messgeräten	korrekt	
Foto	Aufnahme	korrekt	
lautet	heißt	korrekt	
Athletin	Sportlerin	korrekt	
Gesicht	Antlitz	korrekt	
Kongo	Strom in Afrika	korrekt	
barocken	prunkvollen	korrekt	
Mann	Herr	korrekt	
schwieg	sagte nichts	korrekt	
oblag	war Pflicht	korrekt	
Samstags	am Wochenende	unscharf (Wochenende zu weit)	am Sonnabend
Songs	Lieder	korrekt	
dankend	erkenntlich	unscharf (Wortart)	-
Angriffs	Ziel des ...	korrekt	
stützte	hielt	korrekt	
Gehweg	Bürgersteig	korrekt	
lachte	kicherte	korrekt	
erfreuen	beglücken	korrekt	
Treppe	Stiege	korrekt	
Taxis	Droschken	korrekt	
gleiche	identische	korrekt	
elegant	schick	korrekt	
Barrel	Fass	korrekt	
separat	getrennt	korrekt	
Attacke	Angriff	korrekt	
befunden	beurteilt	korrekt	
stimmte	traf zu	korrekt	
Eisenach	Bachs Geburtsort	korrekt	
junger	jugendlicher	korrekt	
schnelle	rasche	korrekt	
Hinsicht	Beziehung	korrekt	
sandte	schickte	korrekt	
Columbus	Seefahrer	korrekt	
Spur	Fährte	korrekt	
Ladung	Fracht	korrekt	
rutscht	gleitet	korrekt	
sendete	übertrug	korrekt	
dünnen	mageren	korrekt	
Beamter	Staatsdiener	korrekt	
Erdreich	Boden	korrekt	
Kamin	Schlot	korrekt	
Busse	Reisecars	korrekt	
Spiel	Partie	korrekt	
Titel	Überschrift	korrekt	
Kreation	Schöpfung	korrekt	
gehört	zählt zu	korrekt	
desto	umso	korrekt	
filtern	sieben	korrekt	
Medaille	Plakette	korrekt	
Kapitel	Abschnitt	korrekt	
fatalen	unheilvollen	korrekt	
gemietet	gepachtet	korrekt	
Schotten	Highlander	unscharf (nicht alle Highlander)	Trennwände
Klänge	Töne	korrekt	
separate	getrennte	korrekt	
Trilogie	Dreiteiler	korrekt	
entgegen	wider	korrekt	
Route	Strecke	korrekt	
übliche	gängige	korrekt	
Zuschlag	Aufpreis	korrekt	
Pfarre	Kirchspiel	korrekt	
Rache	Vergeltung	korrekt	
Mülheim	Ruhrstadt	korrekt	
bekennen	gestehen	korrekt	
achtzig	Zahl	korrekt	
Konzerts	Beginn des ...	korrekt	
Hiermit	damit	korrekt	
fielen	stürzten	korrekt	
Lima	peruan. Hauptstadt	korrekt	
zulegen	zunehmen	korrekt	
Werte	Normen	korrekt	
erspart	vermieden	korrekt	
Viren	Erreger	korrekt	
Weile	Zeitspanne	korrekt	
Anbieter	Lieferant	korrekt	
Geschirr	Teller	unscharf (Teller nur Teil)	Service
Fliege	Insekt	korrekt	
läge	ruhte	korrekt	
enormes	gewaltiges	korrekt	
Münze	Geldstück	korrekt	
Spieles	Ende des ...	korrekt	
echter	wahrer	korrekt	
Fuchs	Reineke	korrekt	
anlegen	investieren	korrekt	
Chart	Diagramm	korrekt	
handeln	agieren	korrekt	
Russin	Slawin	korrekt	
Händen	mit leeren ...	korrekt	
siegt	gewinnt	korrekt	
kann	vermag	korrekt	
bloßem	reinem	korrekt	
Bergung	Rettung	korrekt	
adulten	erwachsenen	korrekt	
Mensch	Person	korrekt	
Charts	Hitparade	korrekt	
formale	förmliche	korrekt	
Folien	Filme	korrekt	
Spezies	Art	korrekt	
sondern	vielmehr	korrekt	
steigert	erhöht	korrekt	
Stils	Eleganz des ...	korrekt	
Stille	Ruhe	korrekt	
Stangen	Stäbe	korrekt	
Versuch	Experiment	korrekt	
soweit	insofern	korrekt	
saugen	lutschen	korrekt	
Slogan	Werbespruch	korrekt	
lange	geraume Zeit	korrekt	
Papiere	Dokumente	korrekt	
Talsohle	Tiefpunkt	korrekt	
stabil	robust	korrekt	
sanken	fielen	korrekt	
Adelige	Edelfrau	korrekt	
Hörsaal	Auditorium	korrekt	
Stecker	Anschluss	korrekt	
scheut	meidet	korrekt	
Kiosk	Bude	korrekt	
erneutes	wiederholtes	korrekt	
Kandidat	Anwärter	korrekt	
Ärmel	Hemdteil	korrekt	
den	Artikel	korrekt	
Spielern	Akteuren	korrekt	
Iraner	Perser	korrekt	
Imperium	Weltreich	korrekt	
zwecks	für	korrekt	
Dekan	Dechant	korrekt	
lieber	eher	korrekt	
spürbar	merklich	korrekt	
Mütter	Mamas	korrekt	
heizt	wärmt	korrekt	
Blumen	Blüten	korrekt	
Gruppe	Schar	korrekt	
Notstand	Krisenlage	korrekt	
schwimmt	treibt	korrekt	
eilte	hastete	korrekt	
erhofft	erwartet	korrekt	
Experten	Fachleute	korrekt	
Papier	Dokument	korrekt	
Mechanik	Getriebe	unscharf (Getriebe nur Teil)	Bewegungslehre
Schädel	Kopf	korrekt	
Suite	Zimmerflucht	korrekt	
defekten	kaputten	korrekt	
wartet	harrt	korrekt	
biete	offeriere	korrekt	
Sokrates	griech. Philosoph	korrekt	
anhalten	stoppen	korrekt	
Tode	zu ... betrübt	korrekt	
Gesetzes	Hüter des ...	korrekt	
längs	entlang	korrekt	
Zwecke	Ziele	korrekt	
müsste	sollte	korrekt	
Liste	Aufstellung	korrekt	
Schale	Schüssel	korrekt	
Zwickau	Stadt in Sachsen	korrekt	
meinte	glaubte	korrekt	
Runde	Durchgang	korrekt	
Christen	Gläubige	korrekt	
Heimweg	Rückweg	korrekt	
Produkte	Erzeugnisse	korrekt	
Abwasser	Kloake	korrekt	
Glasgow	Stadt in Schottland	korrekt	
Stall	Viehhaus	korrekt	
Misere	Notlage	korrekt	
Dias	Lichtbilder	korrekt	
hängt	baumelt	korrekt	
Liturgie	Messritus	korrekt	
lehnte	stützte sich	korrekt	
bleibt	verweilt	korrekt	
einig	konform	korrekt	
Deshalb	darum	korrekt	
Breisgau	Region um Freiburg	korrekt	
Tags	... darauf	korrekt	
Konzerne	Großfirmen	korrekt	
Poker	Kartenspiel	korrekt	
Zentrum	Mitte	korrekt	
Rettung	Bergung	korrekt	
befragte	interviewte	korrekt	
Bussen	Strafgelder	korrekt	
pocht	klopft	korrekt	
begraben	beerdigt	korrekt	
chemisch	stofflich	unscharf	-
Radius	Halbmesser	korrekt	
erlebte	erfuhr	korrekt	
Tochter	Kind (weibl.)	korrekt	
wechselt	tauscht	korrekt	
Papa	Vater	korrekt	
Väter	Papas	korrekt	
Arbeiten	Tätigkeiten	korrekt	
